{
	"rowSize" : 8,
	"rowDist" : [3, 3, 2],
	"vdata" : [
		-1.000000, -1.000000, 0.000000, 0.000000, 0.000000, 1.000000, 0.000000, 0.130435,
		1.000000, -1.000000, 0.000000, 0.000000, 0.000000, 1.000000, 1.000000, 0.130435,
		1.000000, 1.000000, 0.000000, 0.000000, 0.000000, 1.000000, 1.000000, 1.000000,
		1.000000, 1.000000, 0.000000, 0.000000, -0.000000, 1.000000, 0.000000, 0.869565,
		1.000000, -1.000000, 0.000000, 0.000000, -0.000000, 1.000000, 0.000000, 0.000000,
		2.000000, -0.700000, 0.000000, 0.000000, -0.000000, 1.000000, 1.000000, 0.130435,
		-0.500000, -1.300000, 0.000000, 0.000000, -0.000000, 1.000000, 0.250000, 0.000000,
		-1.000000, 1.000000, 0.000000, 0.000000, -0.000000, 1.000000, 0.000000, 1.000000,
		2.000000, 1.300000, 0.000000, 0.000000, -0.000000, 1.000000, 1.000000, 1.000000,
		0.500000, -1.300000, 0.000000, -0.000000, 0.000000, 1.000000, 0.750000, 0.000000
	],
	"idata" : [
		0, 1, 2,
		3, 4, 5,
		1, 0, 6,
		7, 0, 2,
		8, 3, 5,
		9, 1, 6
	]
}