{
	"rowSize" : 8,
	"rowDist" : [3, 3, 2],
	"vdata" : [
		-1.000000, -1.000000, 0.000000, 0.000000, 0.000000, 1.000000, 0.000000, 0.000000,
		1.000000, -1.000000, 0.000000, 0.000000, 0.000000, 1.000000, 1.000000, 0.000000,
		1.000000, 1.000000, 0.000000, 0.000000, 0.000000, 1.000000, 1.000000, 1.000000,
		-1.000000, 1.000000, 0.000000, 0.000000, -0.000000, 1.000000, 0.000000, 1.000000
	],
	"idata" : [
		0, 1, 2,
		3, 0, 2
	]
}