{
	"rowSize" : 8,
	"rowDist" : [3, 3, 2],
	"vdata" : [
		-0.200000, -0.200000, 0.200000, -1.000000, 0.000000, 0.000000, 0.000000, 1.000000,
		-0.200000, 0.200000, 0.200000, -1.000000, 0.000000, 0.000000, 1.000000, 1.000000,
		-0.200000, 0.200000, -0.200000, -1.000000, 0.000000, 0.000000, 1.000000, 0.000000,
		-0.200000, 0.200000, 0.200000, 0.000000, 1.000000, -0.000000, 1.000000, 1.000000,
		0.200000, 0.200000, 0.200000, 0.000000, 1.000000, -0.000000, 1.000000, 1.000000,
		0.200000, 0.200000, -0.200000, 0.000000, 1.000000, -0.000000, 1.000000, 0.000000,
		0.200000, 0.200000, 0.200000, 1.000000, 0.000000, 0.000000, 1.000000, 1.000000,
		0.200000, -0.200000, 0.200000, 1.000000, 0.000000, 0.000000, 0.000000, 1.000000,
		0.200000, -0.200000, -0.200000, 1.000000, 0.000000, 0.000000, 0.000000, 0.000000,
		0.200000, -0.200000, 0.200000, 0.000000, -1.000000, 0.000000, 0.000000, 1.000000,
		-0.200000, -0.200000, 0.200000, 0.000000, -1.000000, 0.000000, 0.000000, 1.000000,
		-0.200000, -0.200000, -0.200000, 0.000000, -1.000000, 0.000000, 0.000000, 0.000000,
		-0.200000, -0.200000, -0.200000, -0.000000, -0.000000, -1.000000, 0.000000, 0.000000,
		-0.200000, 0.200000, -0.200000, -0.000000, -0.000000, -1.000000, 1.000000, 0.000000,
		0.200000, 0.200000, -0.200000, -0.000000, -0.000000, -1.000000, 1.000000, 0.000000,
		0.200000, -0.200000, 0.200000, -0.000000, 0.000000, 1.000000, 0.000000, 1.000000,
		0.200000, 0.200000, 0.200000, -0.000000, 0.000000, 1.000000, 1.000000, 1.000000,
		-0.200000, 0.200000, 0.200000, -0.000000, 0.000000, 1.000000, 1.000000, 1.000000,
		-0.200000, -0.200000, -0.200000, -1.000000, -0.000000, -0.000000, 0.000000, 0.000000,
		-0.200000, 0.200000, -0.200000, 0.000000, 1.000000, 0.000000, 1.000000, 0.000000,
		0.200000, 0.200000, -0.200000, 1.000000, -0.000000, 0.000000, 1.000000, 0.000000,
		0.200000, -0.200000, -0.200000, 0.000000, -1.000000, 0.000000, 0.000000, 0.000000,
		0.200000, -0.200000, -0.200000, 0.000000, -0.000000, -1.000000, 0.000000, 0.000000,
		-0.200000, -0.200000, 0.200000, 0.000000, 0.000000, 1.000000, 0.000000, 1.000000
	],
	"idata" : [
		0, 1, 2,
		3, 4, 5,
		6, 7, 8,
		9, 10, 11,
		12, 13, 14,
		15, 16, 17,
		18, 0, 2,
		19, 3, 5,
		20, 6, 8,
		21, 9, 11,
		22, 12, 14,
		23, 15, 17
	]
}