{
	"rowSize" : 8,
	"rowDist" : [3, 3, 2],
	"vdata" : [
		-0.869930, -0.000000, -0.434965, 0.000000, -1.000000, 0.000000, 0.000000, 0.130435,
		0.289977, -0.000000, -0.434965, 0.000000, -1.000000, 0.000000, 1.000000, 0.130435,
		0.289977, 0.000000, 0.724942, 0.000000, -1.000000, 0.000000, 1.000000, 1.000000,
		0.289977, 0.000000, 0.724942, -0.000000, -1.000000, 0.000000, 0.000000, 0.869565,
		0.289977, -0.000000, -0.434965, -0.000000, -1.000000, 0.000000, 0.000000, 0.000000,
		0.869930, -0.000000, -0.260979, -0.000000, -1.000000, 0.000000, 1.000000, 0.130435,
		-0.579953, -0.000000, -0.608951, 0.000000, -1.000000, 0.000000, 0.250000, 0.000000,
		-0.869930, 0.000000, 0.724942, 0.000000, -1.000000, 0.000000, 0.000000, 1.000000,
		0.869930, 0.000000, 0.898928, -0.000000, -1.000000, 0.000000, 1.000000, 1.000000,
		0.000000, -0.000000, -0.608951, 0.000000, -1.000000, 0.000000, 0.750000, 0.000000
	],
	"idata" : [
		0, 1, 2,
		3, 4, 5,
		1, 0, 6,
		7, 0, 2,
		8, 3, 5,
		9, 1, 6
	]
}